Metric,Value
MAE,0.0417827362697424
MSE,0.0022635429468196725
RMSE,0.047576705926531654
MAPE (%),4.957112653466979
R² Score,0.6922080301723417
